customer_id,created_at,country,risk_segment
1,2023-04-13,IN,low
2,2023-12-15,IN,low
3,2023-09-28,US,low
4,2023-04-17,UK,low
5,2023-03-13,UK,low
6,2023-07-08,SG,low
7,2023-01-21,UK,low
8,2023-04-13,DE,medium
9,2023-05-02,UK,medium
10,2023-08-03,SG,low
11,2023-11-27,UK,low
12,2023-03-29,DE,high
13,2023-04-10,US,medium
14,2023-12-26,SG,high
15,2023-06-01,US,medium
16,2023-05-11,US,low
17,2023-05-30,US,low
18,2023-11-05,IN,low
19,2023-09-15,IN,low
20,2023-12-10,US,low
21,2023-10-21,SG,low
22,2023-07-11,DE,low
23,2023-10-04,DE,medium
24,2023-06-10,UK,medium
25,2023-11-10,SG,low
26,2023-01-22,IN,medium
27,2023-09-10,US,low
28,2023-08-24,UK,medium
29,2023-12-11,DE,low
30,2023-02-18,IN,high
31,2023-02-28,IN,medium
32,2023-06-19,US,low
33,2023-07-07,DE,low
34,2023-09-28,SG,low
35,2023-07-09,IN,low
36,2023-06-24,US,low
37,2023-02-20,SG,medium
38,2023-12-30,DE,low
39,2023-02-24,IN,medium
40,2023-09-01,SG,high
41,2023-11-16,SG,low
42,2023-05-11,SG,low
43,2023-11-03,IN,low
44,2023-05-15,IN,medium
45,2023-01-21,UK,low
46,2023-11-25,DE,high
47,2023-06-16,US,medium
48,2023-10-01,SG,low
49,2023-03-30,UK,low
50,2023-11-12,US,medium
51,2023-01-14,UK,medium
52,2023-08-30,IN,low
53,2023-09-22,SG,low
54,2023-12-12,US,medium
55,2023-02-22,US,low
56,2023-12-06,US,high
57,2023-04-02,US,low
58,2023-09-21,US,low
59,2023-02-04,UK,medium
60,2023-07-25,SG,low
61,2023-03-22,IN,low
62,2023-02-19,IN,low
63,2023-12-26,IN,low
64,2023-01-02,IN,medium
65,2023-02-23,UK,low
66,2023-04-16,DE,low
67,2023-09-17,SG,medium
68,2023-11-06,US,medium
69,2023-07-10,DE,low
70,2023-08-06,IN,low
71,2023-02-13,DE,high
72,2023-06-11,SG,medium
73,2023-07-21,US,low
74,2023-09-27,US,low
75,2023-12-17,SG,low
76,2023-10-31,SG,medium
77,2023-09-28,IN,medium
78,2023-08-03,US,medium
79,2023-09-09,DE,medium
80,2023-07-09,UK,medium
81,2023-10-23,UK,low
82,2023-08-01,SG,low
83,2023-07-27,IN,low
84,2023-08-25,UK,low
85,2023-12-04,US,medium
86,2023-02-22,SG,low
87,2023-10-07,DE,low
88,2023-08-05,SG,low
89,2023-09-09,DE,low
90,2023-07-07,SG,low
91,2023-02-10,SG,low
92,2023-06-06,SG,medium
93,2023-01-15,DE,low
94,2023-10-28,DE,medium
95,2023-03-06,SG,low
96,2023-12-11,UK,low
97,2023-11-23,IN,low
98,2023-01-09,IN,low
99,2023-12-10,IN,medium
100,2023-05-09,DE,low
101,2023-05-16,DE,low
102,2023-03-04,UK,medium
103,2023-05-19,IN,low
104,2023-03-22,IN,low
105,2023-06-12,SG,medium
106,2023-10-16,DE,medium
107,2023-09-18,IN,low
108,2023-08-19,UK,high
109,2023-02-10,UK,medium
110,2023-01-28,IN,low
111,2023-05-15,DE,medium
112,2023-07-20,UK,low
113,2023-11-24,SG,low
114,2023-09-25,UK,low
115,2023-02-02,US,low
116,2023-02-17,US,medium
117,2023-03-03,DE,low
118,2023-08-04,IN,medium
119,2023-10-20,DE,medium
120,2023-04-09,DE,low
121,2023-06-21,DE,medium
122,2023-12-26,DE,low
123,2023-08-02,SG,low
124,2023-02-04,SG,medium
125,2023-08-15,UK,low
126,2023-04-11,US,low
127,2023-05-11,DE,low
128,2023-09-14,UK,low
129,2023-01-05,US,low
130,2023-08-06,IN,low
131,2023-09-12,SG,high
132,2023-12-25,US,low
133,2023-10-10,IN,low
134,2023-07-26,US,low
135,2023-01-15,SG,low
136,2023-12-12,SG,high
137,2023-02-11,UK,medium
138,2023-06-28,DE,medium
139,2023-03-04,US,low
140,2023-12-18,US,low
141,2023-08-19,IN,low
142,2023-08-29,SG,medium
143,2023-02-21,US,low
144,2023-04-06,SG,low
145,2023-08-10,US,high
146,2023-08-19,UK,low
147,2023-08-25,DE,low
148,2023-05-23,US,low
149,2023-06-20,SG,high
150,2023-01-29,UK,low
151,2023-02-05,US,medium
152,2023-01-13,IN,medium
153,2023-06-09,DE,low
154,2023-11-23,US,medium
155,2023-07-06,UK,low
156,2023-08-31,IN,low
157,2023-03-27,UK,medium
158,2023-10-11,UK,medium
159,2023-03-07,IN,medium
160,2023-06-19,UK,low
161,2023-02-14,IN,low
162,2023-03-03,US,low
163,2023-05-14,IN,low
164,2023-10-11,IN,low
165,2023-01-28,DE,low
166,2023-04-18,IN,low
167,2023-02-13,IN,low
168,2023-12-06,US,low
169,2023-10-13,DE,low
170,2023-11-27,SG,medium
171,2023-05-08,US,low
172,2023-12-14,US,high
173,2023-08-19,SG,medium
174,2023-07-09,IN,low
175,2023-08-13,UK,medium
176,2023-10-10,DE,low
177,2023-05-01,UK,low
178,2023-04-26,SG,low
179,2023-08-21,US,low
180,2023-09-16,US,low
181,2023-12-25,DE,low
182,2023-07-17,US,medium
183,2023-05-17,US,medium
184,2023-11-14,DE,low
185,2023-06-14,DE,medium
186,2023-08-13,SG,low
187,2023-11-03,US,low
188,2023-08-22,US,medium
189,2023-06-21,SG,low
190,2023-06-01,IN,low
191,2023-11-11,IN,low
192,2023-06-09,IN,low
193,2023-04-06,SG,high
194,2023-08-21,US,low
195,2023-06-29,SG,high
196,2023-04-23,SG,low
197,2023-11-14,IN,low
198,2023-02-21,UK,low
199,2023-09-25,US,medium
200,2023-10-22,IN,low
201,2023-04-23,UK,medium
202,2023-04-11,UK,medium
203,2023-04-23,DE,low
204,2023-03-22,US,high
205,2023-07-06,UK,medium
206,2023-04-23,IN,medium
207,2023-01-02,DE,low
208,2023-05-10,US,low
209,2023-08-08,SG,low
210,2023-02-23,IN,low
211,2023-12-09,UK,low
212,2023-08-12,UK,medium
213,2023-08-13,IN,low
214,2023-05-06,UK,low
215,2023-05-10,DE,high
216,2023-02-22,US,medium
217,2023-06-21,DE,low
218,2023-08-06,UK,medium
219,2023-06-09,SG,low
220,2023-07-17,US,low
221,2023-09-04,US,medium
222,2023-11-20,IN,low
223,2023-07-22,IN,low
224,2023-07-03,SG,low
225,2023-05-03,US,low
226,2023-09-12,SG,low
227,2023-10-21,IN,low
228,2023-10-07,IN,medium
229,2023-11-21,US,medium
230,2023-04-08,DE,low
231,2023-07-17,UK,low
232,2023-08-28,IN,low
233,2023-05-24,IN,low
234,2023-04-07,DE,medium
235,2023-07-20,DE,low
236,2023-05-04,SG,low
237,2023-07-06,SG,medium
238,2023-11-22,UK,medium
239,2023-12-15,UK,medium
240,2023-09-16,US,low
241,2023-05-28,SG,low
242,2023-09-09,IN,low
243,2023-12-12,SG,low
244,2023-05-27,IN,medium
245,2023-05-28,DE,medium
246,2023-12-18,SG,medium
247,2023-07-18,DE,medium
248,2023-11-04,UK,low
249,2023-05-08,UK,medium
250,2023-02-08,US,low
251,2023-12-04,SG,low
252,2023-12-26,DE,low
253,2023-05-09,IN,low
254,2023-09-24,UK,low
255,2023-05-31,UK,high
256,2023-10-25,IN,low
257,2023-04-09,DE,low
258,2023-09-20,DE,low
259,2023-09-09,SG,medium
260,2023-05-24,SG,low
261,2023-12-12,US,medium
262,2023-04-22,UK,low
263,2023-03-01,SG,medium
264,2023-01-02,DE,low
265,2023-10-31,IN,medium
266,2023-09-11,DE,medium
267,2023-05-20,UK,low
268,2023-02-06,DE,low
269,2023-06-09,US,low
270,2023-01-09,UK,low
271,2023-08-21,IN,low
272,2023-04-09,US,medium
273,2023-05-27,UK,low
274,2023-10-31,IN,low
275,2023-07-27,US,low
276,2023-05-11,US,low
277,2023-06-01,UK,medium
278,2023-02-23,SG,low
279,2023-04-30,US,medium
280,2023-06-10,US,medium
281,2023-04-26,IN,medium
282,2023-03-16,DE,medium
283,2023-04-23,UK,low
284,2023-04-14,UK,high
285,2023-12-06,SG,low
286,2023-09-11,SG,low
287,2023-08-15,UK,medium
288,2023-04-22,SG,high
289,2023-04-09,IN,medium
290,2023-06-02,UK,low
291,2023-12-15,SG,low
292,2023-12-04,UK,high
293,2023-07-13,DE,low
294,2023-11-06,US,medium
295,2023-06-12,UK,medium
296,2023-07-27,US,low
297,2023-06-18,SG,low
298,2023-06-10,US,low
299,2023-03-09,UK,low
300,2023-10-16,DE,medium
301,2023-10-04,SG,low
302,2023-10-31,UK,medium
303,2023-05-15,SG,low
304,2023-07-14,IN,high
305,2023-05-08,US,low
306,2023-02-02,IN,low
307,2023-06-25,UK,low
308,2023-01-22,DE,medium
309,2023-08-26,SG,medium
310,2023-06-07,US,medium
311,2023-02-07,SG,low
312,2023-08-18,UK,low
313,2023-12-31,SG,low
314,2023-02-20,US,low
315,2023-09-21,UK,low
316,2023-10-10,SG,high
317,2023-01-27,DE,high
318,2023-08-14,UK,high
319,2023-10-04,UK,medium
320,2023-10-13,DE,low
321,2023-04-07,IN,low
322,2023-10-11,US,low
323,2023-11-13,IN,medium
324,2023-10-31,SG,low
325,2023-05-27,DE,low
326,2023-01-04,IN,low
327,2023-02-04,UK,low
328,2023-07-11,SG,medium
329,2023-02-18,SG,medium
330,2023-01-17,IN,low
331,2023-06-21,IN,high
332,2023-08-08,DE,medium
333,2023-06-07,US,low
334,2023-02-15,IN,low
335,2023-01-06,IN,low
336,2023-04-09,UK,low
337,2023-08-21,SG,high
338,2023-02-06,US,low
339,2023-10-07,UK,medium
340,2023-12-15,DE,low
341,2023-10-29,DE,low
342,2023-06-30,IN,low
343,2023-04-05,IN,low
344,2023-04-09,DE,low
345,2023-07-07,IN,high
346,2023-04-26,US,low
347,2023-07-10,IN,medium
348,2023-09-10,SG,low
349,2023-06-10,IN,low
350,2023-09-13,UK,low
351,2023-11-19,US,low
352,2023-05-08,UK,low
353,2023-01-18,UK,low
354,2023-10-08,SG,low
355,2023-08-11,US,low
356,2023-02-23,US,low
357,2023-02-27,US,low
358,2023-11-19,US,high
359,2023-12-26,US,medium
360,2023-06-23,SG,low
361,2023-10-07,IN,low
362,2023-04-24,UK,high
363,2023-10-15,US,medium
364,2023-12-08,IN,low
365,2023-05-31,IN,medium
366,2023-05-07,UK,low
367,2023-06-04,SG,low
368,2023-09-30,DE,medium
369,2023-04-14,DE,low
370,2023-10-26,IN,high
371,2023-09-03,UK,medium
372,2023-06-25,DE,low
373,2023-02-08,IN,low
374,2023-06-19,SG,low
375,2023-09-04,DE,low
376,2023-01-26,IN,medium
377,2023-12-21,IN,low
378,2023-11-02,US,low
379,2023-01-13,SG,medium
380,2023-11-12,US,low
381,2023-11-09,UK,medium
382,2023-02-05,US,low
383,2023-06-22,US,high
384,2023-01-20,DE,low
385,2023-11-17,IN,low
386,2023-09-21,SG,low
387,2023-05-22,US,low
388,2023-05-23,SG,medium
389,2023-04-02,US,medium
390,2023-12-20,UK,medium
391,2023-11-18,US,low
392,2023-10-15,DE,low
393,2023-08-03,IN,low
394,2023-12-08,UK,low
395,2023-02-20,US,medium
396,2023-06-02,SG,low
397,2023-07-05,UK,low
398,2023-03-04,UK,low
399,2023-07-09,US,medium
400,2023-05-05,UK,medium
401,2023-05-30,SG,medium
402,2023-11-10,UK,low
403,2023-02-27,SG,low
404,2023-12-08,US,medium
405,2023-11-01,IN,medium
406,2023-06-29,UK,low
407,2023-06-19,IN,medium
408,2023-11-22,SG,medium
409,2023-09-28,UK,medium
410,2023-02-23,DE,medium
411,2023-04-11,IN,low
412,2023-09-21,UK,low
413,2023-02-22,IN,low
414,2023-03-01,UK,medium
415,2023-04-18,US,medium
416,2023-01-05,IN,medium
417,2023-04-13,DE,low
418,2023-07-15,DE,medium
419,2023-09-19,SG,medium
420,2023-12-31,UK,medium
421,2023-12-16,IN,medium
422,2023-02-16,SG,medium
423,2023-12-21,IN,low
424,2023-11-07,UK,low
425,2023-11-04,DE,low
426,2023-05-24,US,low
427,2023-09-26,DE,medium
428,2023-05-04,SG,medium
429,2023-04-16,US,low
430,2023-06-07,SG,low
431,2023-05-27,UK,medium
432,2023-05-25,US,low
433,2023-04-30,SG,low
434,2023-11-15,UK,low
435,2023-10-02,DE,low
436,2023-04-02,UK,low
437,2023-02-27,IN,low
438,2023-12-12,UK,low
439,2023-08-17,UK,medium
440,2023-04-27,IN,low
441,2023-11-14,SG,medium
442,2023-10-06,SG,low
443,2023-05-07,UK,low
444,2023-05-09,IN,medium
445,2023-02-27,IN,low
446,2023-05-02,DE,low
447,2023-01-01,SG,low
448,2023-08-27,US,medium
449,2023-10-17,SG,low
450,2023-04-06,SG,low
451,2023-05-06,DE,medium
452,2023-04-28,US,low
453,2023-02-17,DE,medium
454,2023-03-30,US,medium
455,2023-08-25,UK,high
456,2023-09-29,US,low
457,2023-07-08,DE,medium
458,2023-07-11,SG,low
459,2023-03-10,US,low
460,2023-10-05,US,low
461,2023-12-15,IN,medium
462,2023-09-04,SG,low
463,2023-03-17,UK,low
464,2023-06-03,DE,low
465,2023-05-24,UK,medium
466,2023-03-27,SG,medium
467,2023-07-04,US,medium
468,2023-10-12,US,low
469,2023-08-08,SG,low
470,2023-03-10,US,medium
471,2023-02-16,US,low
472,2023-04-04,US,low
473,2023-08-26,DE,medium
474,2023-07-23,DE,high
475,2023-08-06,IN,medium
476,2023-12-07,UK,medium
477,2023-02-08,SG,high
478,2023-04-10,SG,low
479,2023-10-16,SG,low
480,2023-09-11,IN,high
481,2023-08-10,DE,low
482,2023-12-23,IN,medium
483,2023-01-23,SG,low
484,2023-09-07,UK,low
485,2023-01-10,US,medium
486,2023-09-03,DE,high
487,2023-11-21,DE,medium
488,2023-04-10,IN,low
489,2023-10-17,DE,medium
490,2023-06-29,SG,low
491,2023-08-11,SG,low
492,2023-09-07,IN,low
493,2023-05-27,SG,low
494,2023-04-06,UK,low
495,2023-09-14,IN,high
496,2023-11-21,UK,medium
497,2023-01-04,US,medium
498,2023-01-16,UK,low
499,2023-10-07,US,high
500,2023-12-02,US,high
501,2023-09-04,UK,medium
502,2023-09-15,IN,low
503,2023-06-09,SG,low
504,2023-12-06,SG,low
505,2023-06-01,US,low
506,2023-06-27,US,low
507,2023-06-12,IN,high
508,2023-02-02,DE,low
509,2023-06-28,UK,low
510,2023-04-11,US,low
511,2023-09-25,SG,low
512,2023-11-19,IN,low
513,2023-03-06,UK,low
514,2023-06-17,IN,low
515,2023-11-26,UK,medium
516,2023-02-12,UK,high
517,2023-02-13,US,low
518,2023-10-12,IN,low
519,2023-01-12,IN,medium
520,2023-04-05,SG,low
521,2023-10-29,SG,low
522,2023-09-10,US,medium
523,2023-08-30,US,low
524,2023-02-04,DE,medium
525,2023-08-03,SG,low
526,2023-12-03,UK,low
527,2023-03-31,IN,low
528,2023-09-21,US,medium
529,2023-04-03,IN,low
530,2023-03-31,IN,low
531,2023-04-25,DE,medium
532,2023-04-15,SG,low
533,2023-07-15,US,low
534,2023-11-10,IN,medium
535,2023-04-24,US,low
536,2023-03-16,UK,medium
537,2023-08-05,DE,medium
538,2023-10-04,UK,medium
539,2023-09-06,US,low
540,2023-06-13,US,high
541,2023-12-23,SG,low
542,2023-07-11,IN,medium
543,2023-08-15,IN,low
544,2023-06-26,UK,low
545,2023-04-09,DE,low
546,2023-02-05,IN,high
547,2023-04-06,SG,high
548,2023-06-01,UK,low
549,2023-05-31,UK,low
550,2023-07-09,SG,medium
551,2023-08-12,DE,low
552,2023-02-06,SG,low
553,2023-09-25,DE,medium
554,2023-07-02,SG,low
555,2023-01-13,SG,high
556,2023-10-06,US,low
557,2023-08-05,UK,low
558,2023-12-21,SG,low
559,2023-12-27,SG,medium
560,2023-10-13,IN,low
561,2023-09-30,UK,medium
562,2023-03-03,IN,low
563,2023-03-25,UK,medium
564,2023-08-05,IN,low
565,2023-12-08,SG,low
566,2023-07-06,SG,medium
567,2023-01-19,US,low
568,2023-06-26,IN,low
569,2023-04-10,DE,medium
570,2023-08-21,US,low
571,2023-03-17,IN,medium
572,2023-09-22,IN,low
573,2023-10-11,US,medium
574,2023-07-25,SG,low
575,2023-08-11,IN,low
576,2023-02-21,SG,high
577,2023-12-05,US,medium
578,2023-05-24,SG,low
579,2023-03-10,UK,low
580,2023-04-09,DE,medium
581,2023-01-25,IN,low
582,2023-02-22,DE,medium
583,2023-05-31,SG,medium
584,2023-05-24,IN,low
585,2023-02-26,SG,low
586,2023-02-08,UK,medium
587,2023-04-19,US,low
588,2023-06-30,IN,low
589,2023-02-11,UK,high
590,2023-07-05,UK,low
591,2023-08-11,IN,medium
592,2023-05-02,SG,low
593,2023-05-13,UK,low
594,2023-06-12,DE,low
595,2023-08-03,UK,low
596,2023-08-09,SG,low
597,2023-08-23,SG,low
598,2023-11-27,DE,medium
599,2023-05-26,UK,low
600,2023-08-27,SG,low
601,2023-03-17,IN,low
602,2023-01-09,US,low
603,2023-03-15,US,low
604,2023-09-10,US,low
605,2023-08-18,UK,low
606,2023-01-07,DE,low
607,2023-06-23,SG,low
608,2023-05-21,IN,medium
609,2023-06-17,IN,low
610,2023-06-19,UK,low
611,2023-10-10,US,medium
612,2023-05-02,UK,low
613,2023-07-13,DE,medium
614,2023-01-05,DE,low
615,2023-01-29,SG,low
616,2023-06-14,SG,low
617,2023-12-05,DE,low
618,2023-05-16,DE,medium
619,2023-12-31,DE,low
620,2023-11-17,UK,medium
621,2023-12-08,DE,low
622,2023-05-25,IN,low
623,2023-11-23,US,low
624,2023-08-05,DE,low
625,2023-10-28,US,low
626,2023-05-12,UK,medium
627,2023-10-19,US,medium
628,2023-03-11,UK,low
629,2023-09-09,IN,medium
630,2023-10-02,UK,high
631,2023-12-30,UK,medium
632,2023-07-01,SG,low
633,2023-06-16,DE,medium
634,2023-04-01,DE,low
635,2023-07-21,IN,high
636,2023-12-12,IN,low
637,2023-01-19,DE,low
638,2023-02-08,SG,medium
639,2023-05-06,DE,low
640,2023-06-22,SG,high
641,2023-05-21,IN,high
642,2023-08-30,US,medium
643,2023-08-08,IN,low
644,2023-05-06,IN,medium
645,2023-02-27,UK,low
646,2023-05-28,UK,low
647,2023-11-13,UK,medium
648,2023-12-27,UK,low
649,2023-01-01,SG,low
650,2023-12-14,DE,high
651,2023-07-09,US,low
652,2023-07-10,IN,low
653,2023-11-08,SG,high
654,2023-04-27,US,low
655,2023-05-14,SG,medium
656,2023-02-27,SG,high
657,2023-02-13,IN,high
658,2023-06-22,DE,medium
659,2023-06-09,UK,low
660,2023-06-22,DE,low
661,2023-11-13,IN,medium
662,2023-10-30,IN,medium
663,2023-05-29,IN,low
664,2023-03-21,US,low
665,2023-08-01,DE,low
666,2023-07-22,DE,low
667,2023-09-09,SG,medium
668,2023-08-17,SG,low
669,2023-06-13,SG,high
670,2023-08-15,IN,medium
671,2023-05-27,DE,low
672,2023-01-20,IN,medium
673,2023-02-16,US,low
674,2023-08-21,SG,low
675,2023-11-01,IN,medium
676,2023-01-14,IN,medium
677,2023-05-23,US,medium
678,2023-01-01,UK,low
679,2023-02-23,DE,low
680,2023-09-16,UK,medium
681,2023-05-24,SG,low
682,2023-01-12,IN,low
683,2023-11-26,US,low
684,2023-08-12,US,medium
685,2023-09-29,DE,low
686,2023-12-24,UK,medium
687,2023-06-05,DE,high
688,2023-01-08,IN,low
689,2023-05-02,DE,low
690,2023-12-14,US,low
691,2023-06-13,US,medium
692,2023-03-31,SG,low
693,2023-05-16,SG,low
694,2023-07-05,IN,low
695,2023-11-12,UK,medium
696,2023-06-27,DE,low
697,2023-01-28,IN,medium
698,2023-08-08,SG,high
699,2023-12-23,DE,low
700,2023-02-10,SG,medium
701,2023-08-16,DE,low
702,2023-07-11,UK,medium
703,2023-05-25,IN,medium
704,2023-07-20,DE,medium
705,2023-07-31,US,low
706,2023-08-08,US,low
707,2023-08-28,DE,low
708,2023-02-15,DE,low
709,2023-02-04,DE,low
710,2023-09-10,US,low
711,2023-03-23,US,low
712,2023-09-13,DE,low
713,2023-07-16,SG,medium
714,2023-10-30,SG,low
715,2023-01-10,UK,low
716,2023-11-08,IN,low
717,2023-10-13,SG,low
718,2023-08-30,US,high
719,2023-09-08,SG,low
720,2023-12-31,UK,medium
721,2023-01-05,UK,high
722,2023-04-29,IN,medium
723,2023-10-16,SG,medium
724,2023-03-06,US,medium
725,2023-05-26,US,high
726,2023-08-12,DE,medium
727,2023-08-27,US,low
728,2023-06-26,IN,medium
729,2023-09-24,IN,low
730,2023-12-07,US,medium
731,2023-10-09,US,low
732,2023-03-04,DE,low
733,2023-08-05,US,low
734,2023-12-08,DE,low
735,2023-11-11,DE,low
736,2023-10-10,US,low
737,2023-06-26,UK,low
738,2023-04-08,UK,low
739,2023-04-15,DE,medium
740,2023-04-09,US,low
741,2023-11-07,UK,low
742,2023-01-06,US,medium
743,2023-07-16,US,low
744,2023-12-17,US,low
745,2023-05-13,SG,medium
746,2023-12-24,US,medium
747,2023-09-16,SG,low
748,2023-01-23,DE,low
749,2023-02-22,UK,high
750,2023-06-14,UK,medium
751,2023-07-21,UK,low
752,2023-03-24,UK,medium
753,2023-05-25,UK,low
754,2023-03-26,UK,low
755,2023-03-19,UK,low
756,2023-01-01,DE,medium
757,2023-02-20,US,low
758,2023-06-22,IN,medium
759,2023-07-24,SG,low
760,2023-09-17,IN,low
761,2023-10-15,IN,low
762,2023-02-03,US,medium
763,2023-12-14,US,low
764,2023-04-05,US,low
765,2023-03-13,UK,medium
766,2023-02-08,DE,low
767,2023-06-03,UK,high
768,2023-09-07,DE,low
769,2023-06-11,DE,medium
770,2023-04-28,IN,low
771,2023-09-16,IN,high
772,2023-11-02,DE,low
773,2023-09-25,DE,low
774,2023-02-23,UK,low
775,2023-08-24,UK,low
776,2023-08-10,IN,low
777,2023-09-08,US,high
778,2023-11-09,DE,low
779,2023-04-22,UK,medium
780,2023-09-12,IN,medium
781,2023-10-30,UK,medium
782,2023-07-26,DE,low
783,2023-08-17,DE,low
784,2023-12-07,SG,medium
785,2023-03-07,US,high
786,2023-03-16,SG,low
787,2023-04-13,IN,low
788,2023-07-11,UK,low
789,2023-09-09,IN,high
790,2023-08-14,DE,low
791,2023-10-21,SG,low
792,2023-11-02,SG,medium
793,2023-04-08,SG,low
794,2023-12-04,IN,low
795,2023-10-13,DE,medium
796,2023-12-01,UK,high
797,2023-12-13,UK,low
798,2023-11-04,IN,low
799,2023-09-06,SG,low
800,2023-06-15,US,low
801,2023-12-01,IN,medium
802,2023-01-30,IN,low
803,2023-09-04,DE,low
804,2023-04-16,UK,low
805,2023-02-20,IN,low
806,2023-03-22,IN,low
807,2023-05-13,SG,medium
808,2023-10-12,SG,low
809,2023-05-18,US,medium
810,2023-07-03,DE,medium
811,2023-11-26,US,low
812,2023-09-30,SG,low
813,2023-12-06,UK,low
814,2023-03-10,SG,low
815,2023-02-03,DE,low
816,2023-09-19,SG,low
817,2023-02-22,DE,low
818,2023-07-24,DE,medium
819,2023-05-06,DE,low
820,2023-08-23,DE,medium
821,2023-02-12,DE,low
822,2023-08-28,UK,medium
823,2023-04-21,US,low
824,2023-09-06,IN,low
825,2023-05-31,US,medium
826,2023-07-02,DE,low
827,2023-12-02,UK,low
828,2023-04-05,SG,high
829,2023-01-08,UK,low
830,2023-12-26,DE,low
831,2023-07-03,UK,medium
832,2023-10-08,UK,medium
833,2023-07-14,DE,medium
834,2023-12-18,UK,low
835,2023-07-14,IN,medium
836,2023-06-04,IN,low
837,2023-04-03,UK,medium
838,2023-06-09,SG,high
839,2023-03-02,DE,medium
840,2023-05-02,IN,medium
841,2023-02-20,SG,low
842,2023-10-04,UK,medium
843,2023-01-05,SG,medium
844,2023-04-02,US,low
845,2023-06-19,IN,medium
846,2023-11-13,UK,low
847,2023-01-22,DE,medium
848,2023-11-22,UK,medium
849,2023-01-01,DE,medium
850,2023-05-13,UK,low
851,2023-08-21,SG,low
852,2023-01-12,SG,low
853,2023-12-12,SG,high
854,2023-02-15,US,low
855,2023-02-03,DE,low
856,2023-03-19,SG,medium
857,2023-08-06,US,low
858,2023-10-28,DE,medium
859,2023-03-14,UK,medium
860,2023-10-09,US,medium
861,2023-09-06,IN,low
862,2023-02-16,US,low
863,2023-05-01,US,low
864,2023-08-02,DE,low
865,2023-08-27,UK,low
866,2023-02-25,IN,low
867,2023-12-16,SG,medium
868,2023-04-17,SG,medium
869,2023-11-15,US,low
870,2023-02-17,DE,medium
871,2023-03-02,DE,high
872,2023-12-03,SG,medium
873,2023-01-26,IN,medium
874,2023-10-19,UK,low
875,2023-09-14,IN,low
876,2023-01-08,UK,low
877,2023-04-23,SG,low
878,2023-12-21,UK,high
879,2023-09-10,DE,medium
880,2023-06-29,US,low
881,2023-07-26,US,low
882,2023-10-30,SG,medium
883,2023-05-07,DE,low
884,2023-02-25,IN,low
885,2023-08-02,DE,medium
886,2023-01-14,US,low
887,2023-01-28,US,low
888,2023-03-19,DE,low
889,2023-08-04,DE,medium
890,2023-12-31,US,low
891,2023-06-03,IN,low
892,2023-01-14,SG,low
893,2023-07-06,SG,low
894,2023-11-08,DE,low
895,2023-01-07,SG,medium
896,2023-01-03,US,low
897,2023-04-21,US,medium
898,2023-08-26,DE,low
899,2023-12-29,DE,low
900,2023-08-27,DE,low
901,2023-10-01,IN,low
902,2023-10-21,SG,low
903,2023-08-15,DE,low
904,2023-01-15,UK,low
905,2023-07-11,UK,medium
906,2023-04-29,US,low
907,2023-01-28,SG,medium
908,2023-07-21,DE,high
909,2023-02-08,UK,low
910,2023-09-30,SG,low
911,2023-08-19,US,low
912,2023-03-27,IN,low
913,2023-05-06,SG,low
914,2023-10-27,SG,medium
915,2023-01-25,IN,low
916,2023-05-25,SG,low
917,2023-01-13,US,medium
918,2023-07-31,US,low
919,2023-01-25,IN,medium
920,2023-03-09,DE,low
921,2023-03-08,UK,low
922,2023-08-21,DE,low
923,2023-04-19,SG,low
924,2023-05-26,UK,high
925,2023-04-21,IN,low
926,2023-08-16,IN,high
927,2023-04-21,UK,low
928,2023-02-03,US,low
929,2023-04-21,UK,low
930,2023-09-21,SG,low
931,2023-08-24,US,high
932,2023-03-24,IN,low
933,2023-02-11,UK,low
934,2023-04-11,DE,low
935,2023-01-06,DE,low
936,2023-06-29,SG,low
937,2023-10-09,DE,low
938,2023-11-16,UK,medium
939,2023-08-14,UK,low
940,2023-11-11,DE,low
941,2023-12-31,UK,low
942,2023-08-17,SG,low
943,2023-10-16,US,high
944,2023-05-30,SG,low
945,2023-10-04,SG,low
946,2023-07-17,UK,medium
947,2023-03-11,US,low
948,2023-04-22,UK,low
949,2023-01-04,IN,high
950,2023-12-16,UK,medium
951,2023-11-27,UK,high
952,2023-11-14,UK,low
953,2023-12-16,US,low
954,2023-04-05,UK,low
955,2023-06-01,US,low
956,2023-11-07,DE,medium
957,2023-05-17,IN,low
958,2023-09-04,US,medium
959,2023-08-31,DE,medium
960,2023-01-31,US,low
961,2023-02-09,US,low
962,2023-08-17,IN,medium
963,2023-02-05,SG,low
964,2023-08-11,SG,medium
965,2023-01-06,US,low
966,2023-11-18,UK,low
967,2023-08-08,DE,low
968,2023-03-16,UK,high
969,2023-01-04,UK,low
970,2023-12-01,US,medium
971,2023-05-14,US,low
972,2023-04-28,US,medium
973,2023-04-04,US,medium
974,2023-03-03,SG,low
975,2023-07-13,US,low
976,2023-12-01,SG,medium
977,2023-07-22,SG,low
978,2023-01-26,US,medium
979,2023-06-22,IN,low
980,2023-10-27,DE,medium
981,2023-05-13,UK,medium
982,2023-11-22,SG,high
983,2023-04-28,DE,low
984,2023-11-20,IN,low
985,2023-10-02,UK,low
986,2023-07-31,UK,low
987,2023-08-13,SG,low
988,2023-01-20,US,low
989,2023-04-23,IN,medium
990,2023-05-20,SG,low
991,2023-02-16,IN,low
992,2023-01-01,US,medium
993,2023-03-31,US,low
994,2023-05-22,SG,low
995,2023-11-16,US,high
996,2023-02-07,DE,high
997,2023-10-20,UK,low
998,2023-05-19,SG,low
999,2023-12-22,IN,medium
1000,2023-11-29,DE,low
